WKT,name,description
"POLYGON ((106.8236545 -6.171476, 106.8231824 -6.1715187, 106.8232683 -6.172372, 106.8231824 -6.173524, 106.8232253 -6.17442, 106.8231395 -6.1756147, 106.8231395 -6.176852, 106.8230537 -6.1780466, 106.8230108 -6.1788573, 106.8231824 -6.1797533, 106.8236545 -6.1802226, 106.824427 -6.1802653, 106.8253282 -6.1802653, 106.8265727 -6.1802226, 106.8279031 -6.1802226, 106.8292764 -6.1801799, 106.8305639 -6.1800519, 106.8312076 -6.1798386, 106.8309501 -6.1793693, 106.830478 -6.1787293, 106.830478 -6.178132, 106.829963 -6.1775773, 106.829963 -6.176852, 106.829963 -6.1756147, 106.829963 -6.1747613, 106.8299201 -6.173524, 106.8291047 -6.173012, 106.8291477 -6.1725427, 106.8292764 -6.1719027, 106.8288472 -6.171476, 106.824427 -6.1715187, 106.8236545 -6.171476))",Kota Administrasi Depok, Jawa Barat,
